id,class
2017ec48,0
e3f0ea32,0
8743eae3,0
7b554248,0
bedd1403,0
8bbfd5a7,0
1b85aa7f,0
dde11e38,0
efebda46,0
e8017e35,0
8a0ca00b,0
82079f8e,0
40b89a9a,0
0028cc73,0
7ec34a89,0
f94c401e,0
2d6be3f8,0
27aadebe,0
9268b777,0
1cba3d8f,0
5be075c5,0
1c533f22,0
bf711302,0
c854a4a2,0
82b738a9,0
f38b1f2e,0
847b4e19,0
8a639196,0
2c91b3cf,0
7db08926,0
5d9b5c1b,0
0b29a8b1,0
cd772968,0
07554f1d,0
58643ce5,0
a021e8cd,0
737cacd0,0
b379651c,0
a1e2412f,0
74d4d5dc,0
03969a6a,0
92b2914f,0
45d44915,0
d529b79c,0
65193253,0
6c93dcb9,0
3226cfae,0
27958bbe,0
e269e3bc,0
5215a691,0
a9a86a38,0
a9419897,0
25f2a7e1,0
a1f208fa,0
fdafe176,0
ab804e90,0
e53373d3,0
0ef9c1ee,0
cb090f34,0
7bbe9976,0
de65b1fb,0
9b332e96,0
b73a4e8f,0
ed1212d9,0
db27464d,0
11a51996,0
f02c681e,0
496fe8a3,0
de17ca95,0
19d5c1f7,0
8a355ad9,0
b7657077,0
f751047e,0
db359375,0
14aaa7a2,0
0b21d1d1,0
cd375f77,0
0bd53a50,0
35700b04,0
56402c97,0
9f033a42,0
7bd33c05,0
5859cb43,0
0522ea4a,0
5db2dbd9,0
97394708,0
d6cbe16b,0
90c9d156,0
c6dd473c,0
de426baa,0
bff127c8,0
4008225a,0
fa4b89e5,0
83490e1a,0
50251c43,0
184fae26,0
02f98755,0
73545486,0
c216b610,0
b4f2bc0f,0
7324c371,0
b1280b1e,0
95e061a8,0
3c84694d,0
12523621,0
1c24fdf7,0
6cf8b429,0
0ee72f36,0
df5cb5a8,0
43bc27da,0
fde05e71,0
5c57450a,0
690200de,0
d4f5cb9e,0
57fa9f46,0
d542e5b1,0
74d45bfb,0
6d5913e2,0
25838666,0
f1eb9134,0
a71cd7c5,0
8c888b59,0
751ecfde,0
d806305f,0
d9db1f8a,0
64c3c5e1,0
908a3802,0
8fe7c491,0
55413fe5,0
bff23513,0
2a3771db,0
b60c7eb4,0
fea73604,0
c1ad22d5,0
1ad89b50,0
90f0a068,0
8d1e65a8,0
f1098972,0
3b316c60,0
b5f29168,0
dc8a6d22,0
da921449,0
41eae6d4,0
1e53871a,0
44bc8097,0
c02fc923,0
682d0545,0
9d301777,0
05f0b718,0
751dd687,0
c81cb47c,0
58ef13be,0
3ae57c29,0
30df36c8,0
4a97b580,0
c45d4e3c,0
a2258dc5,0
07a3ab17,0
643d34f2,0
2def070b,0
e08a3f57,0
5920a5ea,0
77917f7d,0
241ab059,0
02a4fbfb,0
6fd9fd33,0
02d89245,0
02d43410,0
350cc5bf,0
4936b254,0
8eac72d0,0
98f42b73,0
a8859b7d,0
84d7791a,0
8cbfc44a,0
e593a486,0
6203f0a5,0
a62efa0d,0
e601d106,0
abccea36,0
9e8a6cfb,0
6b30d747,0
e1d8d029,0
68cc4150,0
b0333e4f,0
88b07e12,0
5b3f646b,0
061ae032,0
a04f3e94,0
d42a6d8d,0
b0f6f1e3,0
1de83a20,0
bba81031,0
12cee6ce,0
480d8fe1,0
a2a2905f,0
0480f3e3,0
1ccd7d3a,0
93748650,0
144d70af,0
ec63ee69,0
094e60f7,0
311ab12b,0
279ec63d,0
dd6f8998,0
a7039938,0
f02361cf,0
822ff825,0
2321a832,0
034042ac,0
9daadff5,0
2a614a9e,0
dc94e3eb,0
d9650386,0
ec522467,0
a7e71109,0
9359fc7a,0
e56f3ed4,0
47c9ce3d,0
1eb89980,0
207ed34f,0
fb796a01,0
dbe02493,0
19eb5530,0
af4ccff0,0
3a0ea871,0
4729a473,0
61c5608d,0
be685ad1,0
7dfc6561,0
4188df13,0
f50e85eb,0
2d814cad,0
eb8a96df,0
6f64e28e,0
e515ad80,0
c5c8f16f,0
5e4b56af,0
e7d73058,0
fac0c668,0
c4b13f32,0
280a1c3a,0
4483c847,0
ca7aa984,0
7599eb9d,0
6bcb4250,0
1bc9aef1,0
1f2c4ecf,0
755f4199,0
f6fb9a6a,0
245b2bb3,0
7e2cbc98,0
3f1ea608,0
0aed3457,0
ee300976,0
c7f3bb43,0
b7d75445,0
1729d8df,0
137c4088,0
f75b496b,0
6dc660b0,0
87cadd19,0
c3b91393,0
fa8d67f3,0
ac9144d4,0
3dc4d648,0
1945ac6b,0
fb13bb4f,0
16e16ae7,0
7b0e8f15,0
2cc1a112,0
d08a8bee,0
b4c2842c,0
b0999221,0
dc8baa05,0
ba6f9687,0
b1f0e52d,0
6cd85ef8,0
e92ad961,0
5a292292,0
934dfa66,0
8a06c7e2,0
190649e4,0
a171b6ad,0
a62f0a55,0
bf8d0a4d,0
80c98bba,0
39ab38a9,0
d09af4b5,0
7d992e1a,0
6d06e667,0
4a198dbe,0
27edfd8a,0
f1bcf145,0
0f669db3,0
d328858f,0
8d2cb656,0
3ba48484,0
c7e6a07e,0
91ccc278,0
8ba89dd7,0
2b548f17,0
862077ea,0
7042d4fb,0
4486d3a0,0
20c78d37,0
230b264d,0
1fb15b70,0
3a0ea5c2,0
cbbd23b0,0
2656a6d8,0
24212235,0
5d81a9c1,0
afad9363,0
05c4e433,0
21692a51,0
668abf89,0
47fa0ff7,0
20cee71a,0
99f1aab0,0
ddf2c7f1,0
d2c23a1e,0
4fa05723,0
35129d7c,0
a26a3ca7,0
1c3d93a8,0
fe52e971,0
556cf65e,0
69c8b7db,0
6bddf658,0
5948b513,0
32c4e1aa,0
1e0344b3,0
d1bf173f,0
811c1bc1,0
08865068,0
b05786bd,0
460844d2,0
b689b9a8,0
e62b2549,0
9c96c53b,0
847c6cd1,0
c000ebc0,0
514c1974,0
e457cdb8,0
aa02b199,0
a16afa32,0
589f0114,0
139ea19d,0
f936d08f,0
8d8ae947,0
57f6a4c6,0
9ff66893,0
f749da1d,0
183d464f,0
5bf58d33,0
857c755e,0
f0826d5f,0
b00722e5,0
d1123246,0
bbb3ef67,0
a0c0d72d,0
e3d84fb7,0
eb7750f8,0
fd65b0fc,0
3bcc8cac,0
1bc31e75,0
0cb52a6e,0
4d0c04d2,0
259a8a21,0
49926ff2,0
d29e3f2d,0
4f27643d,0
847dde4c,0
6b683908,0
6d4903fe,0
9d9beefd,0
585e7065,0
89fad606,0
054c1516,0
1eb994d8,0
77a4b8e8,0
b631eef6,0
9b2ffdcc,0
df43a19b,0
946ae9a0,0
0095be2a,0
d32380ab,0
e8dd7026,0
9dd7c3dc,0
916ba9bb,0
92aaac58,0
5aec44c3,0
cddb98d4,0
a1a1af7b,0
6f44d014,0
4b37aeca,0
9a111a44,0
87380e86,0
d42cff51,0
300eb8c9,0
b1753d3a,0
c0f52993,0
c8ca4e2d,0
b2dffba3,0
ec31095c,0
4cd95688,0
402b76a0,0
6a287041,0
ce5c8577,0
cdd8b4cd,0
8cf77cf1,0
71321452,0
e0733117,0
cc7bbdf7,0
a417e5d5,0
a3b05d07,0
7905c30b,0
bb3c89e1,0
be3f7f09,0
0e9d8be1,0
01848425,0
a4ba2aa6,0
53d535a5,0
44878f4f,0
3f946ed7,0
b11793ba,0
4440ca70,0
015f0b83,0
3639639b,0
773d9168,0
00b894f6,0
af4f639c,0
a39ce869,0
f2fe7087,0
21908bdd,0
dd603677,0
36742b97,0
af8c5640,0
2851d515,0
ae939783,0
4940c3b5,0
82dc8b2b,0
0b1a5db0,0
67c8ad1a,0
155d44f0,0
59eac1d9,0
b67f33ec,0
fc659fd4,0
5ba2d85c,0
82600fd4,0
0c6beaba,0
c4c6834a,0
4b26fc24,0
a7014c50,0
6b91549b,0
793a9d6a,0
ed61d5a2,0
985161c7,0
a7607f96,0
0dc9ed26,0
2d8eb1df,0
de543578,0
d12ef2a7,0
718e78f6,0
9ec63bb6,0
2c835fb7,0
38248013,0
a2cdf6eb,0
d6581cb9,0
28bec7dd,0
4de1f207,0
ec0ed87f,0
eb739b3e,0
a805fdf9,0
992a999a,0
f923f573,0
fcc284f8,0
7dc1e4b1,0
facd3723,0
332b396d,0
eb0d9588,0
de0b4903,0
39a842e7,0
e4ead18e,0
5daf4d55,0
5ba26a04,0
6435c88b,0
7a6ec44b,0
7e04fac5,0
46119b94,0
494f1770,0
27d6e55f,0
4aa0c094,0
2253b3e9,0
6a2663eb,0
352a92dd,0
eb01157d,0
ad25d3ec,0
5b6c0fb5,0
52e5b135,0
bbe5ac51,0
caa32df7,0
83db265e,0
b9e247a2,0
414d3f18,0
d969c738,0
819950d5,0
fb07d213,0
6283349c,0
8b6b8143,0
0550e23a,0
08afb4f8,0
a63f728c,0
daae0781,0
4550edfe,0
f3366c65,0
fdfabc45,0
e3549c2d,0
f576b9a7,0
e193059d,0
e940f47e,0
1416416d,0
d6060a60,0
775c15ce,0
5882843c,0
23c91a00,0
67348476,0
294b96a1,0
e2fbcbd4,0
dc104c83,0
2bf59084,0
8382a3f0,0
cc227826,0
66ddfd36,0
45d49cfd,0
69d48b32,0
ac8e32c7,0
d9d557fe,0
54c86b6f,0
18d2632e,0
5d306107,0
3f7c74cb,0
f9f99a05,0
528bf960,0
f0b27f81,0
f38c26ea,0
5c722634,0
81ca05bf,0
739978c1,0
2596f724,0
e162241e,0
55fe4001,0
dd0c68c9,0
af6b45bd,0
3463339f,0
d907ccd0,0
b9e12c49,0
ad985013,0
ca0d2bf2,0
d9be3687,0
47f6b6da,0
d0f11d6d,0
fa70771a,0
fb7b3b1d,0
8661c313,0
200c5533,0
6e39bc58,0
9ff3a785,0
7c58a7f0,0
f0667e2a,0
dcb67949,0
8f51ea11,0
07b6a230,0
d49ee76b,0
7995f838,0
4af4a298,0
7b47a81a,0
61f3b482,0
61b63f72,0
a85c2c81,0
d5a918b8,0
f49e378a,0
8da0c1a9,0
54b5c7e1,0
ee3b383f,0
2575e236,0
04e1264f,0
10c64467,0
87edf23b,0
c2489e30,0
be4646fe,0
86a6e99a,0
a2a06cee,0
298a2c13,0
92107d50,0
7ac1f7fc,0
cac4b672,0
0451c813,0
81ea12d0,0
70a4157e,0
6bd8a7ca,0
4f4c01d1,0
8e97844d,0
3fc8f3d3,0
a45d6ba3,0
dee651d0,0
e9947a36,0
3696d3a0,0
1fd59b8c,0
fcefc891,0
46dc0a34,0
76eec914,0
4bc8fca4,0
53de4c3b,0
faed02f4,0
eeb3bb53,0
9e9ba232,0
d4a5e566,0
a7743d0a,0
069d8049,0
7dce61e0,0
c352c6da,0
5720c526,0
a967135b,0
a992dae2,0
f55a8acc,0
382654b0,0
81ec625d,0
17a83add,0
03f9b1dc,0
c308e5ff,0
95183f70,0
898ed975,0
8b36e024,0
ac947509,0
56f3b784,0
612104f1,0
11a2080c,0
bfbfb8ca,0
22de90be,0
097c151a,0
9cfe839d,0
bebaa0eb,0
f31be795,0
3362a34f,0
20d900be,0
09265042,0
a8468dc2,0
5a2b5e50,0
15757b70,0
c3e67ecc,0
89fbe938,0
1c503d86,0
47384bf4,0
5900df6e,0
c7f527fe,0
4bccc332,0
98503abd,0
b0edab27,0
5b59acbf,0
fa4d2506,0
2c461c3a,0
5bd8a788,0
d70e4730,0
8482fbe0,0
04eaab79,0
1fbef55e,0
113d828e,0
7c815d07,0
4fb95878,0
598c01cc,0
b2f7b062,0
9c2fca48,0
e93743d8,0
67df3cf1,0
e25189c5,0
28e8cac1,0
79acf1bc,0
dac1657c,0
c1cf5108,0
49600864,0
f857cf97,0
2d87a1f2,0
f102282b,0
0866c040,0
e422e6d1,0
8bde5e73,0
d0126d12,0
d4e44759,0
750bd7b9,0
e90e0f93,0
40989f1a,0
fd4c5b39,0
751cf722,0
291d05f5,0
ccdac0da,0
2f698cf9,0
75ea9c00,0
3e1b3561,0
412800db,0
d9a1dcfc,0
c82bd515,0
b1c098a0,0
8c50f71b,0
0f6fe8fd,0
c5e36e40,0
c58e705a,0
23231106,0
c536649a,0
908e1183,0
42df6d6f,0
230b936e,0
f331e803,0
26daaecb,0
1bab4b53,0
4a6201ce,0
6d29fdad,0
6ed06353,0
51e225ef,0
f983fb43,0
d4e74589,0
1e42e3f9,0
dbd64f7f,0
01c2d84a,0
989c5464,0
1e2ccb20,0
d1b6d314,0
65c49f7c,0
0b96f511,0
fa94f0b2,0
3a4dd1a6,0
b97f18eb,0
8f1fe249,0
ee9d025f,0
f79bafc2,0
660dfa78,0
46b48852,0
89edec9d,0
c7901220,0
f895cff4,0
87f46f9c,0
6e141816,0
22547d6d,0
1acddee4,0
3fbe7948,0
ded447b6,0
2f11a95b,0
57c09ce7,0
743560a9,0
38f7d3e9,0
2b6340d6,0
f301412e,0
a7c2d945,0
4039d25a,0
28897a4d,0
7256109e,0
750b8b4f,0
d8c5c33e,0
3d1053a0,0
99ff5dc4,0
c029aa43,0
17cebe12,0
1c96c301,0
e91d100e,0
2d516424,0
21d52524,0
eb0e203d,0
a252c013,0
ebb40910,0
1d413445,0
1b1e2a55,0
a13e63e6,0
cd9a011c,0
23df5196,0
227b0658,0
e2aacb95,0
5365e154,0
a9aa977d,0
78dde508,0
e352351d,0
75b6b227,0
1a4f7f51,0
cfb58d6a,0
20b1c1fc,0
4aa300e7,0
dd465900,0
5fb99da6,0
ea12793c,0
5c57a542,0
6b1357b0,0
a892b16b,0
82993c3a,0
8ac01323,0
0165f315,0
7a4d9810,0
71b62398,0
ab79cb14,0
13111374,0
036aad54,0
08462d98,0
61afd1dc,0
bf673e5d,0
a2ff0f8b,0
b2e5b2c8,0
eb232e65,0
b85d70fe,0
3b0af5f8,0
edbdbf69,0
9a894d6f,0
77dfb5cc,0
684ac9d9,0
3b0dbf92,0
2bbe7598,0
f7ab0fca,0
222ca5a0,0
5360f7c1,0
969e9b66,0
d10702bf,0
f5c109b5,0
96dc537c,0
b4f57266,0
c3437798,0
a7348b46,0
c3680489,0
4cb77d6e,0
d2991823,0
8f805ef5,0
7cdc42a5,0
71e1aebc,0
f50d1721,0
8e68a477,0
727ba53e,0
096e81b5,0
c578ef98,0
4d48fab4,0
b028d980,0
149eea1d,0
b8079201,0
2adc7b6a,0
0cf964a7,0
a4764b0f,0
1dd8f79d,0
a5d353fe,0
89984fad,0
fec4e132,0
c1771202,0
9289b33b,0
34fdacc8,0
74c14ce7,0
296d5137,0
6475dcb1,0
eb594e81,0
58dc6c2b,0
33dba24f,0
dbe89ae3,0
4244b4f8,0
49cb4543,0
fc3d0b9a,0
7c05d3e1,0
126df187,0
a1ebb74f,0
9fc866c5,0
641d2c52,0
55002db3,0
d855dcd4,0
ad3a8bc2,0
00bd756d,0
f436780b,0
3d60a56f,0
aa4c6954,0
3e74cc7f,0
8890e64c,0
67a906cf,0
c867a8cf,0
56c4c65c,0
2d7559f0,0
66f156e2,0
52b71126,0
659e1dc4,0
b126fa29,0
11319c73,0
2f32ab23,0
dee9954a,0
67ed0785,0
13f122b9,0
f299a5f7,0
95bfb4f6,0
b9e27ab1,0
7cd2087f,0
47cec2a2,0
5d19b5dc,0
e703dcd0,0
e27e5427,0
6afce8f3,0
dc655a9e,0
fae1c10e,0
0baccbd9,0
95901c19,0
f5f0cca0,0
82aab1be,0
de1503a2,0
8d39d3cd,0
5e57bb8a,0
8a0981b8,0
ea757e15,0
ff737a75,0
e5c55b66,0
0c6e9aab,0
0c472fff,0
b6725633,0
0e357f53,0
fbe1f833,0
3536d676,0
1dd1a32c,0
f8d5abf8,0
56c78ed4,0
765f5b50,0
73b1a15e,0
6ecfae0e,0
399a9af0,0
676d334b,0
b90dae72,0
6a442529,0
79578114,0
ec28d5fd,0
568258f6,0
47dd3816,0
fcf55407,0
c915b3a3,0
8661af4b,0
700974c9,0
dbbcdc4e,0
2e6bae9d,0
da2cb571,0
c715240f,0
bf55d839,0
ffc156df,0
7ceb753e,0
9b4c1150,0
b80db1d2,0
2a34234d,0
69387a0b,0
8e23553e,0
dc6c8c0c,0
60a20881,0
c3bc3e5b,0
14ff1273,0
0a73e8f4,0
e3b14fa5,0
5b80025c,0
b8b6c050,0
a7984ac3,0
9d5d5e23,0
8cdad7ff,0
54864c0e,0
a6cd8a03,0
6d4b98dd,0
90328342,0
4d84ec31,0
f0a4c594,0
ce7fce1e,0
3b8cfcd1,0
5ae9d9c7,0
83a10ed6,0
f2b580f0,0
ef74207d,0
cc76a5e9,0
0f9cc950,0
70c95407,0
b4b777cc,0
0fc52069,0
c0fda549,0
cb6994c2,0
79f778fa,0
034633b7,0
0baafd46,0
b2365e17,0
4ac5934d,0
d81338fd,0
83b3f886,0
8ca59623,0
b556ec28,0
de8c6bac,0
d98135e6,0
300908f0,0
30b403a3,0
fcddd13e,0
ca825878,0
b26026c4,0
c404e99c,0
a707a2ba,0
fe99f86e,0
97a09404,0
ffb3bd67,0
6a85a608,0
93109470,0
91390042,0
b1ebd8a0,0
44aeba74,0
349a739e,0
2fbc7ac3,0
2b1db9e5,0
b11531cc,0
6670b260,0
a5641198,0
08c87661,0
72e40e0d,0
5c971ba4,0
b0af022b,0
af428ec9,0
dcc96334,0
ecd8a1b2,0
5f42d550,0
422a9d07,0
de241e96,0
92aa652f,0
5ae4f046,0
27779bac,0
87c680b2,0
b83b2db8,0
d0a52435,0
2e7e1f6f,0
a7f3e9ac,0
93bee27c,0
9a21d2d3,0
8c0b5c94,0
e5e97651,0
53800e7b,0
925b2c34,0
4d90a957,0
0e165591,0
255d726e,0
0d5956ff,0
e5bf45a0,0
9c067809,0
25432e12,0
d02785c1,0
3e17fda7,0
e6baf2cc,0
45b06507,0
c0b81fa0,0
b32126fd,0
45b37648,0
ce7c4bb9,0
6d8f6317,0
306dd98f,0
212b8bdb,0
c9e217b4,0
12b4682a,0
4cf96e56,0
e4e19218,0
f76433ec,0
c7a7b9cf,0
c9f1d6c0,0
6419cad3,0
dd1240ee,0
929b68ef,0
af812b24,0
cb686f51,0
7259de00,0
2ae8c295,0
37c7eb3f,0
d54ed077,0
32c22e8b,0
ff989416,0
9e51471b,0
e9d5dc95,0
07428f24,0
b43dab3e,0
bffb7607,0
442aa794,0
aeceaf5d,0
8c644eb4,0
12ff6426,0
e45feb78,0
20952c92,0
6ab098b3,0
452b6f84,0
88f4deb3,0
e89eb466,0
27e41588,0
ba597bb2,0
42efc01a,0
5fdd4027,0
dd0f334f,0
328754fb,0
5804b8ec,0
f83d1107,0
5a8b5299,0
2bffb56c,0
1f914fe5,0
d10f951f,0
ed325c53,0
67b87274,0
18446775,0
55dad874,0
be3d96ac,0
45711c8f,0
4b836430,0
658c8b12,0
30d2bc57,0
1b07b5c6,0
d1d5d739,0
e1b2cf75,0
1f04f0b8,0
3dc2ea15,0
42f1d33c,0
20e9e836,0
91da0882,0
b2582abe,0
0818620c,0
9cb6a428,0
f7a3af5f,0
0d9292e9,0
bb5beb9e,0
5753f7b9,0
1da289df,0
c07e76df,0
2b3cf2ca,0
41892f8c,0
a06311a4,0
782533d3,0
28ad7323,0
d84a4c95,0
ffff978d,0
cadaa01a,0
baefc5b8,0
348be32e,0
95f37018,0
8e40b588,0
cdb6198c,0
3620377e,0
3e924cc6,0
6696ce29,0
961b8ca9,0
9fca8a17,0
b3251df1,0
6016064a,0
cd6544a2,0
9a2eaf81,0
65f7f4ea,0
ce74ed85,0
1e2995ca,0
dfff33d9,0
75864f68,0
aa510dc8,0
0fc77948,0
1d5a459f,0
ec17fa48,0
2afbee4d,0
c4c42b54,0
7d169fa7,0
ad3cffcf,0
49a68dab,0
0bebb7be,0
5b68794a,0
590e4505,0
4362bc46,0
5040c7c3,0
21eaba79,0
9269f9d0,0
410211c4,0
a9d42993,0
9a5d6c40,0
920d5bea,0
8b57db61,0
5459ce56,0
dee32a8a,0
9c04423b,0
f0362c23,0
c50d279d,0
c8895be1,0
38dcc013,0
82fd5b70,0
e13fd81d,0
9ac95b73,0
22fb0d1b,0
c3ec1484,0
ba56f10b,0
fed077fb,0
9113b5fe,0
287c7b37,0
28773101,0
b2af4a9c,0
a1ae57c5,0
10caf671,0
d7f00817,0
5d2b447c,0
538ee2ae,0
23b9fd0b,0
bc60424e,0
1120d4c3,0
3e979b14,0
c81468e5,0
640398b8,0
f7b09b11,0
3696e201,0
b9ff8f34,0
2d64671a,0
f0d81445,0
317f160b,0
55f0334f,0
99ceb411,0
459d0dd3,0
5a864d1c,0
46312571,0
032ed548,0
eee80242,0
bda3951a,0
a12c3be2,0
91a560a0,0
fa44dd00,0
e2e34e4a,0
d7608e45,0
eceabdee,0
92a1af5f,0
5f4372c6,0
c36a7330,0
42a06ddf,0
34350764,0
b3354eba,0
cbc0ec33,0
cc2cd2a0,0
fbd73d12,0
dda10215,0
6df07818,0
56e76dc6,0
c79465e5,0
680bcd8e,0
fa27aaf8,0
9ec594a3,0
c8d786a6,0
294604b4,0
c31e3c42,0
30f217eb,0
0f0fb6ac,0
f247ece5,0
31e85172,0
a87201ce,0
04bb8b7c,0
2612fe5b,0
e8d97411,0
779009df,0
462a0d36,0
0c90f3a5,0
f5e28ba3,0
a69bf412,0
b46aca80,0
449f6d3e,0
6a2a5c4e,0
d754108c,0
8ece0865,0
d4fc1502,0
224d27ad,0
c222efea,0
8b844d92,0
0533de32,0
470d7a98,0
a00bb9a2,0
935ab00c,0
6a22693d,0
b75472c4,0
86c59b2f,0
7febb0e6,0
a5596700,0
ef8fa832,0
5e90b64a,0
ff0898c4,0
82c64b1a,0
de265201,0
699258a4,0
728b31d8,0
b1666cba,0
c464069c,0
c0c3c5ea,0
c0ad7fda,0
fbcfaa75,0
195ccf6b,0
31a5b7ad,0
697fcfbf,0
b8d11ee5,0
aab3c855,0
2d2d8adf,0
2ce85f10,0
8dd00c24,0
d61c5980,0
26c1f618,0
0b76ce57,0
965a9605,0
692821b8,0
081c47df,0
fb9b2544,0
0f2b9aed,0
0e174a15,0
bfd43bd0,0
0433d9b1,0
2afa2ae2,0
aca78acb,0
14825ae3,0
ce2261ae,0
65957fa9,0
a8118d88,0
71f19aea,0
187c7393,0
7e08d190,0
563b659c,0
39173800,0
78ee63f0,0
21480f78,0
665aa9e6,0
6b5b3386,0
243b9d65,0
c0a63cca,0
5bf0e970,0
d18c5295,0
a2bf53e1,0
b64d899d,0
06177f3e,0
b1c4caf0,0
6fa6ef74,0
6016e3fa,0
c75993c0,0
5ef8f4ad,0
1b3b7432,0
a3907a72,0
41ee3b35,0
d6afcd93,0
7f48c932,0
babb576c,0
2c91f691,0
be0193d1,0
4cd16a85,0
7976a10e,0
9709d523,0
2285bda7,0
eecc3ccf,0
3ea2abf3,0
94d3a252,0
89097a56,0
f3ddd42d,0
cc792790,0
252c98f2,0
60d341dc,0
650ceafa,0
e50b47ca,0
fe639c3f,0
39d7eb72,0
041a3cdc,0
490968ee,0
ed46924e,0
3177ce42,0
52e36e77,0
bcc8cda7,0
fe0d90d2,0
a7ea2aec,0
e892fa80,0
3b44a8dc,0
a54d5e66,0
043d6a86,0
3bc027df,0
95e7654d,0
4301ce89,0
6c51a214,0
3767ff2f,0
8d7b07cd,0
d802b220,0
e5923b12,0
1f600fd9,0
842448d3,0
6dfe1d81,0
b8dc0b62,0
8fb10fa6,0
8397ba4d,0
611450df,0
6893642f,0
e26f7ee6,0
9d0010e5,0
ae83eacc,0
4e7478c8,0
83ddb3ee,0
c01b2c8d,0
908f5203,0
2a00b3a9,0
d42d65a6,0
c8b5a64a,0
31f94e97,0
b83c0d27,0
34319f40,0
44558ae7,0
68bdff9d,0
35e1c4ff,0
8138daa0,0
e30d8441,0
0005066a,0
198fffc4,0
7c9b3dd2,0
ffb9c39a,0
cc7748ec,0
bf6276e8,0
58dbd9cf,0
5bc8da0a,0
bbca5d69,0
47401483,0
038b9786,0
84ece758,0
f1f7ebc8,0
d0eea3a6,0
f4cba6ee,0
6655ab02,0
3fda9884,0
4d804956,0
3a36063c,0
e000d06e,0
609c42be,0
66bbf5c2,0
4b7070f1,0
f25d9f32,0
3876a70a,0
f7245bda,0
334277f8,0
7a61808c,0
fab050b2,0
4ca106af,0
a428586b,0
971d77ea,0
921e7a78,0
0c25e827,0
4d2d1e6c,0
993f5172,0
0500ba6a,0
39b4acb2,0
3f1a4de7,0
00951cde,0
2d273e43,0
b7085fdf,0
7dbfd6e9,0
88e1bb9d,0
c5678b00,0
8aeed455,0
557e45d0,0
530401e5,0
2a745702,0
9d082cdf,0
fa2dbdc9,0
2433677d,0
83b40472,0
f524568f,0
a51eaa58,0
b3805b64,0
a94f03b6,0
83ad030b,0
9ea80c43,0
9efb5036,0
f16b9762,0
ddfe3e8b,0
3cc32373,0
9049354a,0
6ea60004,0
0aa0d6a5,0
ebc5dce2,0
0dcb3bb1,0
ff121c80,0
8879bffb,0
451dc83c,0
3b1d1105,0
46290f42,0
832611a7,0
4126af5d,0
5c220a36,0
c6f31baf,0
d0204f7c,0
3eb380e9,0
504024c3,0
2d594e68,0
de82bd57,0
3b0c131b,0
7157b478,0
755a6e27,0
bcda5cf5,0
c7d2b775,0
45287a08,0
7d106985,0
e3e1c3cc,0
beddb4f5,0
ae873393,0
9823a60d,0
245a952e,0
3accf98c,0
91151a9c,0
cbf970d8,0
0d73c08f,0
d543a622,0
d356b951,0
6196e8d0,0
79e095f9,0
9988b5aa,0
1a2742e9,0
0afe7220,0
6e8c8654,0
b3ac8a14,0
9710387c,0
c25ca797,0
e0c8548d,0
512566ad,0
b36a4595,0
f1999137,0
ab88d7a7,0
336703c4,0
d91b34cd,0
72cd7703,0
7e6b8308,0
42e21b90,0
1fbbea08,0
e9c70eab,0
a775acad,0
22a30855,0
92d4f02e,0
2a817b83,0
8111322a,0
30078e92,0
d8e9f09d,0
6486345c,0
fb14d7e5,0
3107bcdd,0
a6761fb0,0
3cca3e95,0
d2b4586f,0
7c6d809f,0
2167d79c,0
36809df7,0
21405566,0
59ab1661,0
e5266c00,0
f2d47591,0
dfb698ee,0
92a1df31,0
f43f180e,0
469a71b9,0
19946d36,0
854b8d71,0
e352fb64,0
6039d82a,0
9aad9dcf,0
20fd630d,0
993a82e8,0
1562224c,0
abbbbd4f,0
2ba4dc1a,0
8e8ce621,0
919362b8,0
c3f3eec0,0
94deb2a8,0
e15d2c28,0
dc29fea0,0
0c3cfc45,0
dccbd6eb,0
9c827885,0
11362a2f,0
77a96979,0
af0d6c98,0
e697ef5e,0
c093e6ef,0
b7ae7abb,0
b95f8f71,0
84ae30b9,0
22088332,0
2fc5fd2e,0
e4430892,0
986ef138,0
ad1133fd,0
2996b479,0
853d299e,0
364f1aee,0
7074a859,0
36336795,0
4694dfc7,0
c162e013,0
d3c036e8,0
9a821cb1,0
91b6e54d,0
156e1a59,0
0fa3ade2,0
2f8d5337,0
2dd89b88,0
69bccc9f,0
5696d25d,0
cb3d4967,0
86be464c,0
beda2083,0
ace74f1d,0
0603a120,0
976f3ec7,0
179eba7d,0
76b58158,0
08716df3,0
60ffe141,0
84e4fb2c,0
725fcfcf,0
f4a97e7e,0
fde35e1b,0
16c04033,0
b3bcad2a,0
8defd6a4,0
6ea613e9,0
445b8930,0
b8315806,0
b9540500,0
9eb95b90,0
632951ed,0
270714e9,0
04014d85,0
d479b5f1,0
f1f8b93c,0
ae830980,0
287560a4,0
19d8b7d2,0
c401813a,0
70fcc218,0
01e2accf,0
c74e8641,0
93ffea9b,0
ef5c29c2,0
39c5ab40,0
f57c5158,0
b7781c27,0
6a309ec6,0
f8f7ca7e,0
0b3fe55f,0
6e476f3a,0
49892d93,0
ceb8a475,0
0ba7eb18,0
bf9836db,0
793c64fb,0
2dd639cb,0
587e3623,0
0a6a0780,0
d3a10dc5,0
71b91e81,0
fd346dcc,0
f22ea6f7,0
a219542b,0
f5731e54,0
1f796963,0
7cefd60e,0
183e96a3,0
40d7385c,0
df45e3ea,0
e100b853,0
6d46a6de,0
8e8194e2,0
f583d4c9,0
160b1878,0
ec108be0,0
ec87d325,0
6d40fb37,0
6c562742,0
92d1a2dc,0
24a3b883,0
df8e2543,0
06c5a7f3,0
a85dad81,0
24afb138,0
5da4d365,0
18dd2e07,0
7319406b,0
e81ca525,0
44463bb9,0
4f17f19a,0
8ab28336,0
b56e01b4,0
e2ae0ede,0
5dcae680,0
317206ce,0
99023be2,0
d0e80ff6,0
b12e57f6,0
62582c3b,0
03c56868,0
eefaed5b,0
3ff07125,0
5774cf43,0
92daa1ca,0
ebfbd6d7,0
cbb4e5cb,0
acaa67c3,0
58f71af3,0
e9af81f6,0
d108612e,0
57f1cd90,0
5b262294,0
a8b8c214,0
d9b6385a,0
004df09b,0
42362c47,0
197cf451,0
afcf0d2f,0
a53b2f2c,0
dfca26a6,0
4055961a,0
5b6cfd18,0
93cb21b3,0
6475a24f,0
eb183278,0
acde69c0,0
a5b33203,0
b30ffa41,0
a9733506,0
b963f94b,0
84075696,0
5d66aa09,0
b61ad1f1,0
e11d2549,0
73812175,0
39ab657b,0
f2ac3da8,0
3df8ef74,0
edfd5c9b,0
88f8c7c5,0
4786b492,0
f544e548,0
49063cc1,0
d1d11256,0
b4b7ee8e,0
0c12f301,0
72dcaf94,0
89c6e90f,0
b4ca3a13,0
df5f1a31,0
5bc7287b,0
8b4121d2,0
ac810441,0
fca716cd,0
ecca8928,0
d8149de2,0
c34efc19,0
d7951867,0
53860590,0
1d1b6e97,0
2ce6d188,0
beb04741,0
c7185065,0
fc5ed73e,0
279d125f,0
031dcbc6,0
3f6664dd,0
b354c750,0
3d52d6d4,0
4a7ac56c,0
00ad1fb3,0
c19fd8b7,0
c32b776a,0
17bdff29,0
ef750092,0
f8a25451,0
2c8b6ff7,0
85770942,0
7df06d8d,0
9ab1ae06,0
c00ee7dc,0
11f48e6c,0
3139e6fd,0
dd7a966c,0
c040720c,0
aa337841,0
e833d64b,0
509e368d,0
0e1080f3,0
c224471f,0
06883871,0
3af0e6ce,0
5ad80649,0
4c9df4ca,0
cb4e965e,0
e72c51eb,0
77699a0d,0
05fa3117,0
f6a0bdf9,0
d69af547,0
04d1f69f,0
cab3936d,0
577d7696,0
f00f0209,0
f8403c04,0
38fe8fbc,0
3ea4e831,0
6f5d45dd,0
1d7231cb,0
bdd8cf27,0
cc8fd0f8,0
14bd6263,0
4fcf8cf8,0
89ac9138,0
11234eec,0
b853143d,0
e4d257be,0
260cbb03,0
7f799ffd,0
de6b055f,0
70c77e01,0
99fc36fc,0
37481565,0
64e216ca,0
b669f738,0
586494c4,0
07036035,0
6cbf5192,0
18c54280,0
9addc9db,0
7903b44c,0
cd00a8c1,0
21394c77,0
3863c205,0
8aad2a15,0
c0b9226f,0
d6ac0e4a,0
31c11351,0
463a05c3,0
f7f076a7,0
c7d15f74,0
8816bab6,0
c9d05410,0
d83a92de,0
eac43904,0
36ddb32a,0
a9110d85,0
265c787c,0
9d96e16d,0
fc4a66c4,0
ac2b54b9,0
2aa2053a,0
5bdb96b1,0
fc570147,0
79446a07,0
5fd6937f,0
3f9f6ac6,0
cd0c87e7,0
707c11d4,0
56529185,0
78ca6f8b,0
0d15e114,0
5d0ce130,0
a65083c5,0
f9236282,0
6fb6fd14,0
a3835781,0
593a8eb4,0
53fd4636,0
ce297b40,0
812693d9,0
1ff5882a,0
bf7c5f25,0
606db6ff,0
34573df2,0
44af01fc,0
b5103dea,0
5da6e40f,0
083295b0,0
344a03a3,0
e45fa8e0,0
35d0a45b,0
4ce9d271,0
a6d1ec5e,0
8b67db4b,0
230e6e61,0
333e09ad,0
e9d833dd,0
d5185767,0
ec22257f,0
78e475bf,0
7141edb0,0
0b9798af,0
24f38f87,0
107fd5a0,0
1ba62077,0
c613950c,0
fc577739,0
8069f3d6,0
48a2bec6,0
99dcc11d,0
64a4eadb,0
8f895a0a,0
d6a18717,0
1ac4aee8,0
61c12725,0
77a31c4a,0
b20c5064,0
bcb07c7e,0
44616eeb,0
b8554234,0
d05aa28d,0
56c755ba,0
ab1ce6c0,0
8098e7be,0
920d983c,0
f7d6e67e,0
66a3cd1d,0
1710e6a0,0
f98c5e92,0
664f1358,0
5d3c3e63,0
6d73aa96,0
35e32fed,0
9f2b2ebe,0
877787d6,0
71272293,0
6facf27f,0
19db4cac,0
2addd94a,0
a61f2950,0
b4eef96f,0
d1ce877e,0
4e5922ca,0
c67222b6,0
58b84d72,0
302944a8,0
84b9f874,0
2d190929,0
d29d56ee,0
8c258ad0,0
c42fa959,0
574166c8,0
d7cd234a,0
d82cfd20,0
ebbddcef,0
ea03f6d0,0
82218f0c,0
1fb80bde,0
27634d65,0
5e4c0bed,0
11d0b4d1,0
70bc1ad9,0
637724e6,0
a3712201,0
a9a93457,0
bf9d99ef,0
d60e9c89,0
49391c2a,0
b10d0151,0
77c67bfc,0
8639c008,0
bc1bdf3c,0
2ac6b909,0
3a795cca,0
a218b18b,0
f22a7884,0
d3c400c7,0
20684ef8,0
7a3a295b,0
7319c510,0
980d730b,0
9395417f,0
6292f50a,0
e30a377d,0
f5fb0fd2,0
3de98e8b,0
44473411,0
e9d4bfbf,0
7ae2b899,0
d314febe,0
2660740f,0
a22e39d1,0
9e26b083,0
c8465e11,0
2bf27ff5,0
b641ca59,0
5effa2e1,0
7ed0d4ef,0
71d542dd,0
ac96fcfb,0
e17c12c1,0
f69ccd99,0
ca0d70b5,0
aa5b133f,0
52f4edf4,0
4ede6f03,0
07807abb,0
5726498c,0
84971571,0
98aea295,0
f26a4b4e,0
c6299259,0
56685473,0
c9a2673b,0
ea0bc96a,0
f15ee255,0
9cf119ee,0
157f24da,0
0b44bfce,0
b23ab42d,0
7e4673d3,0
fb591bc1,0
3ae9d8a5,0
4d8fee92,0
168bb362,0
c99f10d3,0
5f4c5331,0
14957a6e,0
12efcf3f,0
6991b4cf,0
d6aebeb8,0
62d6648b,0
aabff504,0
17326086,0
3cea89d8,0
e0b5f59c,0
1aa97ac6,0
36f0d051,0
68226501,0
6fd4c597,0
5481410f,0
fb513c1b,0
1515cd98,0
5b77bd56,0
63f606ca,0
7a1aa501,0
d476015e,0
2ba73ffe,0
9e978f8b,0
dfa8d1f4,0
e78e8b10,0
5b2e0ab6,0
1cac7a10,0
fa3efcad,0
dfd0f3b2,0
9709a277,0
c231d828,0
87157479,0
25d7ef54,0
f8981f2a,0
764414f4,0
153dcee1,0
8db5eab4,0
19072a63,0
9d83f15a,0
acc324ae,0
dd845355,0
6d44a825,0
c8334fde,0
c347ceb9,0
c52bb2c0,0
0a57f318,0
3080c38f,0
81cd1520,0
54094e36,0
243b8792,0
3de52eb3,0
21333c88,0
3090d90f,0
a02ffd98,0
6ab72657,0
bcd0f85b,0
3617132b,0
0f88e1e5,0
93269684,0
8767554e,0
73615921,0
12394531,0
2d97f078,0
1f2042e0,0
3d10fe3e,0
3581f8b1,0
4aa0fa69,0
2cd7efda,0
3c1715d2,0
f3048a2c,0
9046073c,0
f242e5c6,0
07817015,0
ea3f568f,0
a1c35198,0
5691dfd1,0
3bddf8fd,0
f2f3d573,0
be945ecd,0
099c2ba1,0
f12d328a,0
6e14e064,0
a3eb2189,0
adc1a39e,0
27468feb,0
82085f54,0
219dbe7a,0
99b98980,0
3a452c3e,0
b8e8a5a1,0
6e59b4f9,0
0d4f09fb,0
8f1f9e01,0
3242abce,0
00aeecc7,0
642c5999,0
3a51c33c,0
8cd7f690,0
845c36c1,0
b06b346e,0
02543535,0
98f38774,0
3f50e59e,0
816b90b5,0
0ae40685,0
3d04dcf7,0
9beeac4c,0
a7284b52,0
3397c1ea,0
1c6a45e2,0
9be27ee9,0
4def712e,0
48cfc2d4,0
f9fb4c78,0
6bb8a384,0
59e95f79,0
b5784780,0
42487201,0
23665dd1,0
b81bcdc1,0
daf0cf6a,0
09638328,0
f5bf10a1,0
6b6ff5d7,0
76039164,0
d544a7fe,0
00f95210,0
47be6654,0
a15a639b,0
7fa17c81,0
add6b908,0
63bf85f0,0
2ab51070,0
3b82d66d,0
d7d0123a,0
75681a6f,0
b0a60425,0
c1bbe842,0
eda64c3c,0
cb0cdec7,0
9a77f792,0
837a39ef,0
de99c502,0
03b7842d,0
2dd48518,0
2af3661f,0
b3111126,0
920a5abc,0
0b68329e,0
25f148ca,0
242b60a7,0
9fa5ab08,0
50f8ec28,0
1742a33d,0
6eff607f,0
471379c6,0
82126901,0
f2ae303c,0
ff917fe9,0
47e0549e,0
58c4d085,0
11305fb4,0
af0b9c91,0
64b9f578,0
c0130487,0
17d65550,0
c012fc94,0
094d6174,0
674edfc3,0
6cf0a5ab,0
381aa01f,0
a2752597,0
311c7cc9,0
27f44c3b,0
1966d031,0
1b45f32e,0
27d085e3,0
5613b020,0
3099c970,0
84f2bb90,0
59fff893,0
55eb3990,0
ec506bd9,0
12870652,0
82725e9a,0
502eef17,0
edf625d1,0
cf2d0c95,0
216b89f3,0
c749485c,0
f4d637e8,0
7ca2eb89,0
5cfcebfe,0
cd7fd89f,0
8afd4a18,0
9d2b770a,0
75cab2c8,0
f0171647,0
ce46acf2,0
a6eef97b,0
99524453,0
d9ca02b7,0
34f440a6,0
2e52d6d6,0
dcba0354,0
290e2b99,0
9dc413f1,0
70da024b,0
02d68eaf,0
5ea8bcc6,0
4c441b0c,0
2f2e6fcc,0
747193ad,0
0795427e,0
87004100,0
7d6f289d,0
cf57a0f6,0
e5f89787,0
439ee132,0
98044559,0
be9bfc61,0
4806ec95,0
3a0167a4,0
9cce4164,0
59f99965,0
35574f86,0
11e21f2a,0
717d4e56,0
3f807eff,0
06abfa93,0
972917af,0
8f3fc77c,0
f42dc2d5,0
e1c930e6,0
e86d4cde,0
8185e550,0
f34629cb,0
ccf4b5e0,0
ebd52c0a,0
2c44e476,0
abceb33c,0
da83549b,0
f0b38060,0
66866674,0
bdeca555,0
cf74f65a,0
55c193fd,0
4d7592bb,0
65e5eb15,0
9f5cee53,0
a2e56ce0,0
6865b409,0
22879a1e,0
78a5a17c,0
1bc81dbc,0
4afa6961,0
7d75d55d,0
05aff3e3,0
9bd2f279,0
f36326b0,0
3db87732,0
d3a22d8d,0
2133c357,0
d6f425cc,0
e102dc1e,0
a8ad6cb3,0
2a906443,0
5338bf8a,0
5235998d,0
dd385ab9,0
5da8d0de,0
23aba628,0
f75364ef,0
b0d6bb7d,0
b91845e2,0
caaa300f,0
e49ded55,0
cbe7ccf1,0
c6f41d51,0
006f416a,0
f492700a,0
4f28d5f8,0
ddb057b9,0
34b4aacc,0
8c14013f,0
ab8bf79a,0
c6c8b11b,0
e8ee1579,0
04888f56,0
a9609410,0
a1a96585,0
0de81aee,0
9e983d8d,0
1e022546,0
0fde5917,0
2c5bdb05,0
6ec774db,0
f082e5f8,0
5c88480f,0
151f1c96,0
19509521,0
1ccaf397,0
41871d58,0
9280e1ba,0
3cad900b,0
3052f4ad,0
28581c0a,0
28d44bc3,0
bfb05f3e,0
ddbad68e,0
d4ab3942,0
d6c738b2,0
c79c5193,0
0251ced0,0
6869497d,0
9f9c2887,0
951db3c2,0
f9f9712d,0
057e8973,0
5961b9da,0
2ea14ce5,0
69660ad7,0
07187ae7,0
55fe43a1,0
0f41894a,0
2858a454,0
1846e48a,0
2a9d8ae8,0
ace882cd,0
09cdcd5b,0
1f8cbeba,0
6308fde2,0
309ad61f,0
4e3760ac,0
2ce1fd4e,0
6abacf4f,0
c556299a,0
7a76835c,0
b72affb2,0
67f6980c,0
d18f5dc4,0
c37dae5f,0
6b690bd5,0
ae7e1bed,0
cc367ecc,0
d68f3552,0
12224377,0
ba3e326d,0
338477e5,0
5cdc7714,0
e1827dad,0
9ea6fd15,0
5cd08e97,0
a5d7792e,0
8e65aafb,0
f154a40e,0
ad33f23e,0
e915afee,0
cff90941,0
3cf33ed5,0
63f3c37d,0
83a708ab,0
1cc09ef3,0
dc12a29e,0
1912fe3e,0
4840f669,0
fed64e67,0
b8fe9675,0
ed842a24,0
86f4bcca,0
7518ea52,0
f5e391f8,0
b525d012,0
d881ae1b,0
5896f985,0
772e65db,0
d689a8af,0
066683c6,0
b2455719,0
6e92faf9,0
d149b1e0,0
9d755269,0
31f43045,0
dea75265,0
0e11cb9e,0
006dfaee,0
ce3fd15e,0
170a7e95,0
3783beef,0
65067a2c,0
427a4379,0
bf5eba89,0
31243cfb,0
43c6ec68,0
754f1adf,0
cfc864c7,0
8a5a609b,0
376be702,0
e6b5b40b,0
e3baf44f,0
f5e4bf09,0
df1e41ae,0
62c4e6ac,0
18cea73a,0
307e67ac,0
a15d3b9a,0
0e5fc811,0
ef710258,0
f9e12c5c,0
b8bd1462,0
241c9cb8,0
ecf758b2,0
77e4f2b8,0
78912daf,0
89fa3570,0
4e407a33,0
9e2f7350,0
eaed16ed,0
a16ab8bf,0
627b657c,0
54ecb5bd,0
fdc0f460,0
22984322,0
f2de2d7c,0
4a5c7c0e,0
c19ecc5e,0
d17c51e3,0
c20bf69c,0
027e8a99,0
dfc246e0,0
a65b7c70,0
b5827807,0
3cfdfe79,0
0c3c28fc,0
116d572c,0
50ff446a,0
f90413df,0
f191db25,0
6e8f9ccd,0
0e6bfa24,0
895c5362,0
eb64580d,0
6e0595be,0
410ce1a1,0
e8ca0725,0
2b51ac79,0
fc062fce,0
03bd3bda,0
4cd9c8df,0
86202743,0
daf98cc8,0
42a0e830,0
d76366a0,0
9b638869,0
e1934700,0
c11a1120,0
f41a9712,0
9bdac09f,0
8877e8cd,0
9b36019f,0
a470f7a3,0
50527118,0
411a743c,0
f7f24d69,0
b14a6532,0
7fb9e541,0
8c8421ba,0
adc034a6,0
1d29d4bd,0
db508f0f,0
5b9f7502,0
a3862a33,0
e88f4432,0
c21b6142,0
e08b0816,0
51957e92,0
ea6617c6,0
55700904,0
bca883de,0
53929aaf,0
e9bcec4a,0
8598870d,0
7deba836,0
f875374e,0
51bb366c,0
602fea77,0
5472de1c,0
9c58d4d0,0
ac37e446,0
e206cab8,0
10da8b60,0
629c1b07,0
10c8a1a8,0
6eb0e4c4,0
2a614cab,0
c40c6bca,0
87c02fd8,0
e1e3c891,0
db5369db,0
d2aefbb5,0
b82b2274,0
cc827547,0
aed8f0e1,0
4aa3b961,0
b4292fbc,0
69065d03,0
6f78f7a4,0
be69a7c4,0
708cc384,0
7a336aea,0
85b1870d,0
5f8dbd93,0
f37a957f,0
89bbe605,0
9b879781,0
cce3be9b,0
47a49f63,0
2fae286c,0
00e4c67c,0
30be57cf,0
bc29eeab,0
e4d17293,0
bd8f7c53,0
fe5dd12f,0
265ea4c3,0
3d98465b,0
438474d3,0
ea53cfed,0
a3bfedbd,0
94fe31fe,0
bee85be8,0
6558530d,0
3dcf7714,0
bf8c6f41,0
ef50a9ac,0
b29f5761,0
45638ca0,0
0bcce1e4,0
b5668748,0
987cd683,0
a8428e10,0
576c31a5,0
9d80a3b2,0
08bf1764,0
b693e844,0
ed046839,0
d435c84e,0
8a2d7e44,0
133edfb3,0
3c95d7e9,0
bc3524f0,0
bec55b00,0
e340db70,0
2c21f788,0
9051ac27,0
bbadb1ba,0
462c30d1,0
3c9684e0,0
79dbaa77,0
2e10ebcc,0
94e2b2e7,0
dff644c4,0
709d9d7f,0
15c0f9e9,0
49ff9296,0
57be9fc1,0
6b0613fb,0
d901ff69,0
a2874db6,0
9217193b,0
2af209ec,0
b4b1658c,0
213d79f5,0
78cc6f5d,0
1809ed6d,0
bf9ea0d1,0
f5020dbd,0
07e48fc6,0
189f4d3b,0
f4f519e2,0
e4f807d5,0
2fb940c2,0
eac54fb2,0
a5f42a9c,0
848acd18,0
fab7bf89,0
5cbcebec,0
05c29df3,0
fd8d077d,0
1e8d6930,0
81d3cd64,0
5f07fbd5,0
64033d5b,0
786fd140,0
c083518b,0
9c262ca0,0
b8eebbcd,0
49cd7ccb,0
8a5bcf64,0
a4ec4472,0
b0db2e33,0
e774b891,0
6c99eb4b,0
50528664,0
ffcc0551,0
6f8af5b1,0
aec89435,0
84438c72,0
fc5a30b7,0
18369999,0
ab785e10,0
54ead2d3,0
17d24fb7,0
af628ded,0
56dd6b3c,0
c8ddd832,0
37f097f5,0
5c6bb5af,0
683b68fe,0
4fbdb17a,0
683154b0,0
44260ac5,0
ec4c879d,0
fe84e983,0
e117396a,0
30cae995,0
b01651bd,0
9b880492,0
8a58e20f,0
14310025,0
857356c6,0
d277e181,0
8acab278,0
5cea0305,0
577d76c4,0
e558cda7,0
7e102524,0
6224ca6d,0
581fd059,0
b17682fe,0
261892a2,0
8339395e,0
670c1854,0
e22a2eb7,0
ac61cdc1,0
b05c8a2f,0
72787d29,0
c6a2d4f3,0
9107487a,0
5483411c,0
42f8a53f,0
b72f94c1,0
4332df21,0
3a11d086,0
cf645645,0
485a3fd6,0
85a549a4,0
8bbe3d16,0
9e523128,0
749d6718,0
a083f55d,0
f9312576,0
79a92eb5,0
eccb868f,0
cdf12278,0
9106caaf,0
a7d01ac6,0
583b427c,0
0ec7c88d,0
d4b75030,0
3f530b94,0
d78f388b,0
53522f24,0
7ba2357d,0
ed89f95d,0
c7f63782,0
d4376bd2,0
118dc7d6,0
34077f4a,0
cdfb81a0,0
f60d1e5f,0
063e9857,0
66da543a,0
15d66f2c,0
35523027,0
2f89d886,0
e5fcd744,0
ea2183ec,0
c9112329,0
8278ce4a,0
02e93d55,0
236730e1,0
373dd75f,0
7297a899,0
5f8250a1,0
022354b8,0
c0903860,0
a41610b6,0
e424aaae,0
d2d425a3,0
1dfe0826,0
401f2131,0
4d544430,0
71de81d1,0
1f70fa3b,0
5fd8d535,0
d1e7c602,0
3be64afc,0
b7966cf8,0
58085144,0
5b149156,0
0e731af4,0
4d916cd9,0
a58c9a06,0
f97d442a,0
e27f941e,0
856c6914,0
94f0e711,0
913855cf,0
d16d9b0a,0
21cb91ac,0
b90f3a28,0
feb8dca6,0
70eb8f29,0
9ef23ade,0
a20717d5,0
b69611de,0
d927959b,0
5c7e4bef,0
69e53cfc,0
cd11e8b5,0
d11e2059,0
fcd1fe59,0
e45f31b7,0
fe16f66d,0
409be418,0
4f8d1595,0
80fdd76b,0
833a1ec3,0
4461cf7c,0
89339265,0
9244a28e,0
8a48b13b,0
41d5d0f4,0
a12b4055,0
e3a25cbc,0
8370e91c,0
a0da050f,0
5b7ce993,0
ad15f714,0
3e3c0ca6,0
277cbd5f,0
2304ffcf,0
53f1e90d,0
e203245b,0
38deb21a,0
76e7fe6a,0
ef100659,0
74084f03,0
e4568221,0
a714fb42,0
22f03527,0
44cacd44,0
30a1ffc1,0
118e3076,0
846f8ce0,0
3aae4dfe,0
3aadca16,0
72d13ca4,0
b72d2b07,0
418ffad5,0
ba1ce8ff,0
14467e15,0
8d51c60a,0
447aa636,0
c3810bc6,0
af44b47b,0
49f4c1ce,0
964e0126,0
0330ee93,0
635fd9a6,0
46959f63,0
9c238e45,0
af9c907a,0
bf7528f4,0
d8a7a37a,0
ef965347,0
590a0c05,0
82a764cd,0
0eec985b,0
b77da4c6,0
5f59e15a,0
39e90543,0
88952deb,0
9b2f7de5,0
f6fded0f,0
4ad07c8a,0
3d7ff8a6,0
22f00317,0
8c6eb31a,0
d7fc5b05,0
4d37a875,0
c8ec80e7,0
386ab811,0
99a1f98b,0
5d387048,0
f0d5fa7c,0
ca67a67e,0
01d5f228,0
fb7e7931,0
f5f06fc9,0
843da42f,0
7cc51857,0
564cdaff,0
2d10b73c,0
d496faec,0
f9d3b52e,0
525e8312,0
37f66e4d,0
5f781b72,0
690f37e6,0
1fe8c054,0
2441d263,0
637b9661,0
bf6e4849,0
a29be3f7,0
297bdb9d,0
c21a2504,0
e637efcb,0
d5835e72,0
034d64d4,0
7cc0adfa,0
1f65714f,0
2ab2d0cd,0
2a5aac98,0
ab08fd64,0
e4dc8418,0
0112d633,0
0723e94a,0
ad40901e,0
6e1559b4,0
ad8fa00d,0
075f7226,0
888f2035,0
2389d801,0
4ee10edd,0
580a3b68,0
35e0c2b0,0
5e39deb6,0
9f10a2e6,0
ed622946,0
54d22349,0
aff989ad,0
c203709f,0
0be94a7b,0
93386ff1,0
ee75327c,0
1a7acc0d,0
991bd22e,0
9862763b,0
6c5413ed,0
3b194abe,0
5afcc7b9,0
b60579e6,0
0e2d57ed,0
4d547a93,0
34e9168a,0
073d335e,0
11b25669,0
33c4fd4e,0
7a2e65c0,0
63a15282,0
3f74df49,0
47263f6d,0
0f0a3735,0
e5eca4f5,0
667461a7,0
464be18e,0
137122e7,0
266548fb,0
fcfd0737,0
782ba570,0
df734870,0
d86f0608,0
ebc2ed18,0
7533b994,0
b4ed6437,0
7d655bfc,0
05e8ec73,0
8fe4d48f,0
b607e06e,0
a3659755,0
7cc6223d,0
420e9157,0
d4b8e47a,0
bea35a90,0
70698dfe,0
ea68e33d,0
1efe2aa7,0
a1d9b9ed,0
e9a88bc3,0
63869aa4,0
1e35b251,0
76d0cda2,0
3eeea462,0
3a68c236,0
e165881e,0
52037e98,0
bf2c1c26,0
162fe724,0
f8ff562d,0
2b970ac3,0
0b8e4e0a,0
6a475b41,0
ad0c4a2c,0
2593347b,0
833e7387,0
4b3729de,0
7ce90648,0
983bc860,0
48038abd,0
fd122e67,0
0d9bbee0,0
d5565a50,0
20267eb0,0
df78d0c5,0
dda6c774,0
687b69c8,0
a16421c1,0
f2a8c529,0
bca673e3,0
f94f7076,0
57c81e87,0
30d49172,0
9b67c683,0
c3bee7bf,0
14acc518,0
37751f45,0
567da181,0
4e0e1788,0
8646ac4b,0
f9418f98,0
bc6f506e,0
5406a784,0
5686ca9d,0
c6dd336c,0
1002f18a,0
3e5eb120,0
90a2b7f4,0
f8782537,0
2a4f86c5,0
4f3ba993,0
46da4b5f,0
fd6da7e1,0
16e3ddc5,0
e50a85d9,0
aa201589,0
768d6380,0
a4390312,0
7298a6e8,0
9cd1bab9,0
99e7c7fe,0
44cacfe1,0
3920f73b,0
9c4afbc9,0
c09ee40a,0
2ae1963e,0
0adde6ec,0
1ae94621,0
6e60fd31,0
bd7eec2a,0
b940fbe6,0
d31e6c02,0
4f4ab02f,0
ff705b89,0
e8a30d3b,0
a67eb0c6,0
72595352,0
0409b9c7,0
db481596,0
c8a3b1d7,0
d62e01f5,0
c60c963f,0
6dcda6f8,0
cb17f2cf,0
ccea4b1e,0
b7237c0e,0
a9197585,0
50c451a4,0
bd40e38b,0
2ea5a76a,0
9babff89,0
0ad10f7e,0
cfa77a91,0
c1953742,0
72e87d31,0
8b4bba5a,0
05746322,0
1f2f334c,0
bc1b9b8a,0
6ec04e5f,0
a9547a8d,0
86dd6aaa,0
